flight_id,flight_no,scheduled_departure,scheduled_arrival,departure_airport,arrival_airport,status,aircraft_code,actual_departure,actual_arrival
10,PG0404,16/01/17 21:35,16/01/17 22:30,DME,LED,Arrived,321,16/01/17 21:38,16/01/17 22:33
11,PG0405,26/11/16 12:05,26/11/16 13:00,DME,LED,Arrived,321,26/11/16 12:12,26/11/16 13:07
27,PG0404,27/08/17 21:35,27/08/17 22:30,DME,LED,Scheduled,321,,
39,PG0402,27/08/17 14:55,27/08/17 15:50,DME,LED,Scheduled,321,,
63,PG0404,10/05/17 21:35,10/05/17 22:30,DME,LED,Arrived,321,10/05/17 21:38,10/05/17 22:33
77,PG0402,12/04/17 14:55,12/04/17 15:50,DME,LED,Arrived,321,12/04/17 14:58,12/04/17 15:53
78,PG0404,25/08/16 21:35,25/08/16 22:30,DME,LED,Arrived,321,25/08/16 21:38,25/08/16 22:33
92,PG0403,05/11/16 13:55,05/11/16 14:50,DME,LED,Arrived,321,05/11/16 13:56,05/11/16 14:51
93,PG0404,29/11/16 21:35,29/11/16 22:30,DME,LED,Arrived,321,29/11/16 21:36,29/11/16 22:31
102,PG0405,06/12/16 12:05,06/12/16 13:00,DME,LED,Arrived,321,06/12/16 12:07,06/12/16 13:03
105,PG0404,09/07/17 21:35,09/07/17 22:30,DME,LED,Arrived,321,09/07/17 21:36,09/07/17 22:32
113,PG0403,23/12/16 13:55,23/12/16 14:50,DME,LED,Arrived,321,23/12/16 13:58,23/12/16 14:54
138,PG0405,22/07/17 12:05,22/07/17 13:00,DME,LED,Arrived,321,22/07/17 12:09,22/07/17 13:04
139,PG0405,19/01/17 12:05,19/01/17 13:00,DME,LED,Arrived,321,19/01/17 12:09,19/01/17 13:04
140,PG0404,22/07/17 21:35,22/07/17 22:30,DME,LED,Arrived,321,22/07/17 21:36,22/07/17 22:31
144,PG0405,11/06/17 12:05,11/06/17 13:00,DME,LED,Arrived,321,11/06/17 12:09,11/06/17 13:03
152,PG0405,12/09/16 12:05,12/09/16 13:00,DME,LED,Arrived,321,12/09/16 12:10,12/09/16 13:05
176,PG0404,17/03/17 21:35,17/03/17 22:30,DME,LED,Arrived,321,17/03/17 21:39,17/03/17 22:34
179,PG0405,17/03/17 12:05,17/03/17 13:00,DME,LED,Arrived,321,17/03/17 12:10,17/03/17 13:06
185,PG0404,19/09/16 21:35,19/09/16 22:30,DME,LED,Arrived,321,19/09/16 21:38,19/09/16 22:33
192,PG0402,01/12/16 14:55,01/12/16 15:50,DME,LED,Arrived,321,01/12/16 14:57,01/12/16 15:51
208,PG0405,06/09/17 12:05,06/09/17 13:00,DME,LED,Scheduled,321,,
215,PG0404,23/04/17 21:35,23/04/17 22:30,DME,LED,Arrived,321,23/04/17 21:38,23/04/17 22:34
231,PG0404,14/04/17 21:35,14/04/17 22:30,DME,LED,Arrived,321,14/04/17 21:38,14/04/17 22:33
234,PG0404,04/08/17 21:35,04/08/17 22:30,DME,LED,Arrived,321,04/08/17 21:36,04/08/17 22:32
237,PG0404,22/08/17 21:35,22/08/17 22:30,DME,LED,Scheduled,321,,
241,PG0405,02/01/17 12:05,02/01/17 13:00,DME,LED,Arrived,321,02/01/17 12:10,02/01/17 13:05
242,PG0404,02/01/17 21:35,02/01/17 22:30,DME,LED,Arrived,321,02/01/17 21:36,02/01/17 22:31
248,PG0405,25/12/16 12:05,25/12/16 13:00,DME,LED,Arrived,321,25/12/16 12:07,25/12/16 13:02
256,PG0405,22/08/17 12:05,22/08/17 13:00,DME,LED,Scheduled,321,,
273,PG0404,17/06/17 21:35,17/06/17 22:30,DME,LED,Arrived,321,18/06/17 0:39,18/06/17 1:35
281,PG0404,13/09/16 21:35,13/09/16 22:30,DME,LED,Arrived,321,13/09/16 21:38,13/09/16 22:33
303,PG0405,07/09/17 12:05,07/09/17 13:00,DME,LED,Scheduled,321,,
307,PG0405,16/02/17 12:05,16/02/17 13:00,DME,LED,Arrived,321,16/02/17 12:10,16/02/17 13:04
308,PG0404,16/02/17 21:35,16/02/17 22:30,DME,LED,Arrived,321,16/02/17 21:37,16/02/17 22:32
313,PG0402,26/12/16 14:55,26/12/16 15:50,DME,LED,Arrived,321,26/12/16 14:58,26/12/16 15:53
332,PG0405,01/01/17 12:05,01/01/17 13:00,DME,LED,Arrived,321,01/01/17 12:07,01/01/17 13:02
336,PG0405,09/02/17 12:05,09/02/17 13:00,DME,LED,Arrived,321,09/02/17 12:07,09/02/17 13:03
401,PG0404,21/11/16 21:35,21/11/16 22:30,DME,LED,Arrived,321,21/11/16 21:37,21/11/16 22:32
407,PG0404,17/09/16 21:35,17/09/16 22:30,DME,LED,Arrived,321,17/09/16 21:38,17/09/16 22:32
414,PG0405,08/12/16 12:05,08/12/16 13:00,DME,LED,Arrived,321,08/12/16 12:05,08/12/16 13:02
433,PG0405,09/11/16 12:05,09/11/16 13:00,DME,LED,Arrived,321,09/11/16 12:08,09/11/16 13:03
436,PG0405,23/08/17 12:05,23/08/17 13:00,DME,LED,Scheduled,321,,
451,PG0405,24/01/17 12:05,24/01/17 13:00,DME,LED,Arrived,321,24/01/17 12:06,24/01/17 13:02
469,PG0404,15/06/17 21:35,15/06/17 22:30,DME,LED,Arrived,321,15/06/17 21:38,15/06/17 22:32
502,PG0404,28/05/17 21:35,28/05/17 22:30,DME,LED,Arrived,321,28/05/17 21:37,28/05/17 22:32
507,PG0404,12/10/16 21:35,12/10/16 22:30,DME,LED,Arrived,321,12/10/16 21:37,12/10/16 22:31
532,PG0402,29/12/16 14:55,29/12/16 15:50,DME,LED,Arrived,321,29/12/16 14:57,29/12/16 15:52
551,PG0405,14/06/17 12:05,14/06/17 13:00,DME,LED,Arrived,321,14/06/17 12:09,14/06/17 13:04
561,PG0405,25/07/17 12:05,25/07/17 13:00,DME,LED,Arrived,321,25/07/17 12:13,25/07/17 13:08
573,PG0404,12/03/17 21:35,12/03/17 22:30,DME,LED,Arrived,321,12/03/17 21:39,12/03/17 22:33
585,PG0404,27/09/16 21:35,27/09/16 22:30,DME,LED,Arrived,321,27/09/16 21:38,27/09/16 22:34
595,PG0404,02/09/17 21:35,02/09/17 22:30,DME,LED,Scheduled,321,,
628,PG0404,09/12/16 21:35,09/12/16 22:30,DME,LED,Arrived,321,09/12/16 21:41,09/12/16 22:35
663,PG0405,15/07/17 12:05,15/07/17 13:00,DME,LED,Arrived,321,15/07/17 12:06,15/07/17 13:01
669,PG0405,23/08/16 12:05,23/08/16 13:00,DME,LED,Arrived,321,23/08/16 12:07,23/08/16 13:02
683,PG0404,26/03/17 21:35,26/03/17 22:30,DME,LED,Arrived,321,26/03/17 21:38,26/03/17 22:33
700,PG0404,03/09/16 21:35,03/09/16 22:30,DME,LED,Arrived,321,04/09/16 0:51,04/09/16 1:46
705,PG0402,15/07/17 14:55,15/07/17 15:50,DME,LED,Arrived,321,15/07/17 14:58,15/07/17 15:53
707,PG0405,27/04/17 12:05,27/04/17 13:00,DME,LED,Arrived,321,27/04/17 12:08,27/04/17 13:03
710,PG0404,29/07/17 21:35,29/07/17 22:30,DME,LED,Arrived,321,29/07/17 21:37,29/07/17 22:32
711,PG0405,29/07/17 12:05,29/07/17 13:00,DME,LED,Arrived,321,29/07/17 12:07,29/07/17 13:01
719,PG0405,24/10/16 12:05,24/10/16 13:00,DME,LED,Arrived,321,24/10/16 12:05,24/10/16 13:00
720,PG0404,24/10/16 21:35,24/10/16 22:30,DME,LED,Arrived,321,24/10/16 21:41,24/10/16 22:36
746,PG0405,03/10/16 12:05,03/10/16 13:00,DME,LED,Arrived,321,03/10/16 15:52,03/10/16 16:48
757,PG0404,27/03/17 21:35,27/03/17 22:30,DME,LED,Arrived,321,27/03/17 21:36,27/03/17 22:31
764,PG0402,15/08/17 14:55,15/08/17 15:50,DME,LED,Arrived,321,15/08/17 14:58,15/08/17 15:54
766,PG0404,01/09/17 21:35,01/09/17 22:30,DME,LED,Scheduled,321,,
777,PG0403,04/06/17 13:55,04/06/17 14:50,DME,LED,Arrived,321,04/06/17 17:41,04/06/17 18:37
778,PG0405,28/09/16 12:05,28/09/16 13:00,DME,LED,Arrived,321,28/09/16 12:09,28/09/16 13:04
782,PG0404,12/08/17 21:35,12/08/17 22:30,DME,LED,Arrived,321,12/08/17 21:37,12/08/17 22:32
813,PG0404,18/01/17 21:35,18/01/17 22:30,DME,LED,Arrived,321,18/01/17 21:38,18/01/17 22:33
816,PG0403,04/03/17 13:55,04/03/17 14:50,DME,LED,Arrived,321,04/03/17 13:58,04/03/17 14:54
838,PG0405,17/08/17 12:05,17/08/17 13:00,DME,LED,Scheduled,321,,
848,PG0404,23/10/16 21:35,23/10/16 22:30,DME,LED,Arrived,321,23/10/16 21:37,23/10/16 22:32
864,PG0404,29/04/17 21:35,29/04/17 22:30,DME,LED,Arrived,321,29/04/17 21:38,29/04/17 22:33
885,PG0405,26/10/16 12:05,26/10/16 13:00,DME,LED,Arrived,321,26/10/16 12:06,26/10/16 13:01
907,PG0402,03/05/17 14:55,03/05/17 15:50,DME,LED,Arrived,321,03/05/17 15:00,03/05/17 15:55
930,PG0404,22/01/17 21:35,22/01/17 22:30,DME,LED,Arrived,321,22/01/17 21:38,22/01/17 22:34
932,PG0405,14/11/16 12:05,14/11/16 13:00,DME,LED,Arrived,321,14/11/16 12:12,14/11/16 13:07
934,PG0404,12/01/17 21:35,12/01/17 22:30,DME,LED,Arrived,321,12/01/17 21:36,12/01/17 22:31
952,PG0405,19/04/17 12:05,19/04/17 13:00,DME,LED,Arrived,321,19/04/17 12:09,19/04/17 13:05
953,PG0405,23/03/17 12:05,23/03/17 13:00,DME,LED,Arrived,321,23/03/17 12:08,23/03/17 13:02
975,PG0405,12/07/17 12:05,12/07/17 13:00,DME,LED,Arrived,321,12/07/17 12:06,12/07/17 13:00
984,PG0402,01/03/17 14:55,01/03/17 15:50,DME,LED,Arrived,321,01/03/17 14:59,01/03/17 15:55
986,PG0404,07/11/16 21:35,07/11/16 22:30,DME,LED,Arrived,321,07/11/16 21:36,07/11/16 22:31
989,PG0404,11/08/17 21:35,11/08/17 22:30,DME,LED,Arrived,321,11/08/17 21:40,11/08/17 22:34
991,PG0403,11/08/17 13:55,11/08/17 14:50,DME,LED,Arrived,321,11/08/17 13:57,11/08/17 14:51
1032,PG0404,06/09/16 21:35,06/09/16 22:30,DME,LED,Arrived,321,06/09/16 21:36,06/09/16 22:31
1033,PG0405,06/09/16 12:05,06/09/16 13:00,DME,LED,Arrived,321,06/09/16 12:07,06/09/16 13:03
1056,PG0405,14/03/17 12:05,14/03/17 13:00,DME,LED,Arrived,321,14/03/17 12:08,14/03/17 13:03
1070,PG0405,08/07/17 12:05,08/07/17 13:00,DME,LED,Arrived,321,08/07/17 12:08,08/07/17 13:04
1073,PG0404,28/03/17 21:35,28/03/17 22:30,DME,LED,Arrived,321,28/03/17 21:39,28/03/17 22:34
1075,PG0405,28/03/17 12:05,28/03/17 13:00,DME,LED,Arrived,321,28/03/17 12:08,28/03/17 13:03
1078,PG0402,30/08/17 14:55,30/08/17 15:50,DME,LED,Scheduled,321,,
1079,PG0404,30/05/17 21:35,30/05/17 22:30,DME,LED,Arrived,321,30/05/17 21:38,30/05/17 22:33
1095,PG0404,31/07/17 21:35,31/07/17 22:30,DME,LED,Arrived,321,31/07/17 21:35,31/07/17 22:30
1099,PG0405,31/07/17 12:05,31/07/17 13:00,DME,LED,Arrived,321,31/07/17 12:10,31/07/17 13:06
1115,PG0404,24/09/16 21:35,24/09/16 22:30,DME,LED,Arrived,321,24/09/16 21:40,24/09/16 22:35
1129,PG0405,10/01/17 12:05,10/01/17 13:00,DME,LED,Arrived,321,10/01/17 12:07,10/01/17 13:03
1130,PG0404,10/01/17 21:35,10/01/17 22:30,DME,LED,Arrived,321,10/01/17 21:38,10/01/17 22:33
1139,PG0404,30/01/17 21:35,30/01/17 22:30,DME,LED,Arrived,321,30/01/17 21:38,30/01/17 22:33
1140,PG0405,30/01/17 12:05,30/01/17 13:00,DME,LED,Arrived,321,30/01/17 12:06,30/01/17 13:01
1144,PG0405,07/07/17 12:05,07/07/17 13:00,DME,LED,Arrived,321,07/07/17 12:08,07/07/17 13:02
1147,PG0404,13/11/16 21:35,13/11/16 22:30,DME,LED,Arrived,321,13/11/16 21:37,13/11/16 22:32
1153,PG0404,24/08/16 21:35,24/08/16 22:30,DME,LED,Arrived,321,24/08/16 21:39,24/08/16 22:34
1156,PG0404,27/02/17 21:35,27/02/17 22:30,DME,LED,Arrived,321,27/02/17 21:37,27/02/17 22:32
1171,PG0404,07/09/16 21:35,07/09/16 22:30,DME,LED,Arrived,321,07/09/16 21:44,07/09/16 22:40
1174,PG0405,31/01/17 12:05,31/01/17 13:00,DME,LED,Arrived,321,31/01/17 12:07,31/01/17 13:02
1196,PG0404,29/06/17 21:35,29/06/17 22:30,DME,LED,Arrived,321,29/06/17 21:37,29/06/17 22:32
1199,PG0403,29/09/16 13:55,29/09/16 14:50,DME,LED,Arrived,321,29/09/16 13:56,29/09/16 14:50
1201,PG0404,29/09/16 21:35,29/09/16 22:30,DME,LED,Arrived,321,29/09/16 21:39,29/09/16 22:34
1202,PG0405,06/10/16 12:05,06/10/16 13:00,DME,LED,Arrived,321,06/10/16 12:06,06/10/16 13:01
1213,PG0404,20/10/16 21:35,20/10/16 22:30,DME,LED,Arrived,321,20/10/16 21:38,20/10/16 22:33
1217,PG0405,29/09/16 12:05,29/09/16 13:00,DME,LED,Arrived,321,29/09/16 12:08,29/09/16 13:03
1223,PG0403,09/01/17 13:55,09/01/17 14:50,DME,LED,Arrived,321,09/01/17 13:55,09/01/17 14:51
1227,PG0404,10/08/17 21:35,10/08/17 22:30,DME,LED,Arrived,321,10/08/17 21:40,10/08/17 22:36
1237,PG0404,17/12/16 21:35,17/12/16 22:30,DME,LED,Arrived,321,17/12/16 21:38,17/12/16 22:33
1249,PG0404,06/05/17 21:35,06/05/17 22:30,DME,LED,Arrived,321,06/05/17 21:37,06/05/17 22:32
1255,PG0405,23/05/17 12:05,23/05/17 13:00,DME,LED,Arrived,321,23/05/17 12:10,23/05/17 13:05
1257,PG0404,23/05/17 21:35,23/05/17 22:30,DME,LED,Arrived,321,23/05/17 21:35,23/05/17 22:31
1291,PG0404,08/01/17 21:35,08/01/17 22:30,DME,LED,Arrived,321,08/01/17 21:39,08/01/17 22:34
1301,PG0404,13/07/17 21:35,13/07/17 22:30,DME,LED,Arrived,321,13/07/17 21:40,13/07/17 22:35
1327,PG0405,22/05/17 12:05,22/05/17 13:00,DME,LED,Arrived,321,22/05/17 12:06,22/05/17 13:01
1341,PG0404,24/02/17 21:35,24/02/17 22:30,DME,LED,Arrived,321,24/02/17 21:41,24/02/17 22:36
1361,PG0405,02/02/17 12:05,02/02/17 13:00,DME,LED,Arrived,321,02/02/17 12:07,02/02/17 13:02
1369,PG0405,07/01/17 12:05,07/01/17 13:00,DME,LED,Arrived,321,07/01/17 12:10,07/01/17 13:04
1382,PG0405,19/12/16 12:05,19/12/16 13:00,DME,LED,Arrived,321,19/12/16 12:09,19/12/16 13:03
1384,PG0403,15/04/17 13:55,15/04/17 14:50,DME,LED,Arrived,321,15/04/17 17:04,15/04/17 17:59
1396,PG0402,20/08/16 14:55,20/08/16 15:50,DME,LED,Arrived,321,20/08/16 14:56,20/08/16 15:51
1414,PG0404,02/12/16 21:35,02/12/16 22:30,DME,LED,Arrived,321,02/12/16 21:40,02/12/16 22:36
1423,PG0402,17/04/17 14:55,17/04/17 15:50,DME,LED,Arrived,321,17/04/17 14:59,17/04/17 15:55
1432,PG0404,03/02/17 21:35,03/02/17 22:30,DME,LED,Arrived,321,03/02/17 21:36,03/02/17 22:30
1442,PG0405,09/06/17 12:05,09/06/17 13:00,DME,LED,Arrived,321,09/06/17 12:09,09/06/17 13:03
1452,PG0405,09/03/17 12:05,09/03/17 13:00,DME,LED,Arrived,321,09/03/17 12:10,09/03/17 13:05
1453,PG0404,05/07/17 21:35,05/07/17 22:30,DME,LED,Arrived,321,05/07/17 21:37,05/07/17 22:32
1455,PG0404,09/03/17 21:35,09/03/17 22:30,DME,LED,Arrived,321,09/03/17 21:40,09/03/17 22:35
1472,PG0404,21/09/16 21:35,21/09/16 22:30,DME,LED,Arrived,321,21/09/16 21:38,21/09/16 22:33
1473,PG0403,21/09/16 13:55,21/09/16 14:50,DME,LED,Arrived,321,21/09/16 13:58,21/09/16 14:53
1479,PG0404,10/09/16 21:35,10/09/16 22:30,DME,LED,Arrived,321,10/09/16 21:42,10/09/16 22:37
1491,PG0405,08/10/16 12:05,08/10/16 13:00,DME,LED,Arrived,321,08/10/16 12:07,08/10/16 13:02
1493,PG0403,11/09/17 13:55,11/09/17 14:50,DME,LED,Scheduled,321,,
1510,PG0405,03/04/17 12:05,03/04/17 13:00,DME,LED,Arrived,321,03/04/17 12:08,03/04/17 13:03
1522,PG0405,09/05/17 12:05,09/05/17 13:00,DME,LED,Arrived,321,09/05/17 12:07,09/05/17 13:01
1549,PG0404,16/03/17 21:35,16/03/17 22:30,DME,LED,Arrived,321,16/03/17 21:38,16/03/17 22:33
1552,PG0405,16/03/17 12:05,16/03/17 13:00,DME,LED,Arrived,321,16/03/17 12:06,16/03/17 13:01
1585,PG0222,30/11/16 13:35,30/11/16 17:00,DME,OVB,Arrived,773,30/11/16 13:41,30/11/16 17:04
1587,PG0222,06/09/16 13:35,06/09/16 17:00,DME,OVB,Arrived,773,06/09/16 13:37,06/09/16 17:03
1589,PG0222,25/06/17 13:35,25/06/17 17:00,DME,OVB,Arrived,773,25/06/17 13:38,25/06/17 17:02
1591,PG0222,23/12/16 13:35,23/12/16 17:00,DME,OVB,Arrived,773,23/12/16 13:39,23/12/16 17:04
1595,PG0222,16/06/17 13:35,16/06/17 17:00,DME,OVB,Arrived,773,16/06/17 13:37,16/06/17 17:06
1596,PG0222,17/12/16 13:35,17/12/16 17:00,DME,OVB,Arrived,773,17/12/16 13:37,17/12/16 17:02
1600,PG0222,30/10/16 13:35,30/10/16 17:00,DME,OVB,Arrived,773,30/10/16 13:38,30/10/16 17:04
1602,PG0222,04/07/17 13:35,04/07/17 17:00,DME,OVB,Arrived,773,04/07/17 13:35,04/07/17 16:55
1604,PG0222,06/06/17 13:35,06/06/17 17:00,DME,OVB,Arrived,773,06/06/17 13:37,06/06/17 16:58
1607,PG0222,13/06/17 13:35,13/06/17 17:00,DME,OVB,Arrived,773,13/06/17 13:38,13/06/17 17:03
1608,PG0222,11/03/17 13:35,11/03/17 17:00,DME,OVB,Arrived,773,11/03/17 13:39,11/03/17 17:03
1611,PG0222,24/04/17 13:35,24/04/17 17:00,DME,OVB,Arrived,773,24/04/17 13:38,24/04/17 17:02
1613,PG0222,03/08/17 13:35,03/08/17 17:00,DME,OVB,Arrived,773,03/08/17 13:37,03/08/17 16:59
1614,PG0222,06/05/17 13:35,06/05/17 17:00,DME,OVB,Arrived,773,06/05/17 13:37,06/05/17 16:58
1619,PG0222,03/06/17 13:35,03/06/17 17:00,DME,OVB,Arrived,773,03/06/17 13:36,03/06/17 16:59
1620,PG0222,29/11/16 13:35,29/11/16 17:00,DME,OVB,Arrived,773,29/11/16 13:38,29/11/16 17:03
1622,PG0222,21/05/17 13:35,21/05/17 17:00,DME,OVB,Arrived,773,21/05/17 13:36,21/05/17 17:03
1623,PG0222,14/09/16 13:35,14/09/16 17:00,DME,OVB,Arrived,773,14/09/16 16:24,14/09/16 19:47
1629,PG0222,04/06/17 13:35,04/06/17 17:00,DME,OVB,Arrived,773,04/06/17 13:40,04/06/17 17:02
1630,PG0222,31/12/16 13:35,31/12/16 17:00,DME,OVB,Arrived,773,31/12/16 13:36,31/12/16 16:59
1632,PG0222,01/03/17 13:35,01/03/17 17:00,DME,OVB,Arrived,773,01/03/17 13:35,01/03/17 16:55
1633,PG0222,12/10/16 13:35,12/10/16 17:00,DME,OVB,Arrived,773,12/10/16 13:37,12/10/16 16:59
1635,PG0222,11/07/17 13:35,11/07/17 17:00,DME,OVB,Arrived,773,11/07/17 13:36,11/07/17 17:00
1638,PG0222,01/08/17 13:35,01/08/17 17:00,DME,OVB,Arrived,773,01/08/17 13:40,01/08/17 17:07
1639,PG0222,11/02/17 13:35,11/02/17 17:00,DME,OVB,Arrived,773,11/02/17 13:38,11/02/17 17:06
1645,PG0222,22/04/17 13:35,22/04/17 17:00,DME,OVB,Arrived,773,22/04/17 13:40,22/04/17 17:07
1646,PG0222,17/08/17 13:35,17/08/17 17:00,DME,OVB,Scheduled,773,,
1649,PG0222,22/08/17 13:35,22/08/17 17:00,DME,OVB,Scheduled,773,,
1650,PG0222,05/08/17 13:35,05/08/17 17:00,DME,OVB,Arrived,773,05/08/17 13:36,05/08/17 17:00
1653,PG0222,02/04/17 13:35,02/04/17 17:00,DME,OVB,Arrived,773,02/04/17 13:37,02/04/17 17:02
1654,PG0222,11/12/16 13:35,11/12/16 17:00,DME,OVB,Arrived,773,11/12/16 13:37,11/12/16 17:03
1660,PG0222,09/06/17 13:35,09/06/17 17:00,DME,OVB,Arrived,773,09/06/17 13:40,09/06/17 17:08
1664,PG0222,03/07/17 13:35,03/07/17 17:00,DME,OVB,Arrived,773,03/07/17 13:36,03/07/17 17:02
1667,PG0222,20/08/17 13:35,20/08/17 17:00,DME,OVB,Scheduled,773,,
1670,PG0222,26/01/17 13:35,26/01/17 17:00,DME,OVB,Arrived,773,26/01/17 16:45,26/01/17 20:08
1673,PG0222,04/09/16 13:35,04/09/16 17:00,DME,OVB,Arrived,773,04/09/16 17:15,04/09/16 20:39
1674,PG0222,03/11/16 13:35,03/11/16 17:00,DME,OVB,Arrived,773,03/11/16 13:37,03/11/16 17:04
1677,PG0222,10/04/17 13:35,10/04/17 17:00,DME,OVB,Arrived,773,10/04/17 13:40,10/04/17 17:04
1679,PG0222,22/05/17 13:35,22/05/17 17:00,DME,OVB,Arrived,773,22/05/17 13:39,22/05/17 17:01
1681,PG0222,29/04/17 13:35,29/04/17 17:00,DME,OVB,Arrived,773,29/04/17 13:41,29/04/17 17:06
1682,PG0222,01/12/16 13:35,01/12/16 17:00,DME,OVB,Arrived,773,01/12/16 13:35,01/12/16 17:01
1684,PG0222,01/06/17 13:35,01/06/17 17:00,DME,OVB,Arrived,773,01/06/17 13:37,01/06/17 16:58
1687,PG0222,27/04/17 13:35,27/04/17 17:00,DME,OVB,Arrived,773,27/04/17 13:36,27/04/17 16:59
1691,PG0222,02/08/17 13:35,02/08/17 17:00,DME,OVB,Arrived,773,02/08/17 13:39,02/08/17 17:06
1695,PG0222,06/04/17 13:35,06/04/17 17:00,DME,OVB,Arrived,773,06/04/17 17:28,06/04/17 20:52
1698,PG0222,18/03/17 13:35,18/03/17 17:00,DME,OVB,Arrived,773,18/03/17 13:40,18/03/17 17:05
1704,PG0222,14/06/17 13:35,14/06/17 17:00,DME,OVB,Arrived,773,14/06/17 13:37,14/06/17 17:03
1706,PG0222,15/06/17 13:35,15/06/17 17:00,DME,OVB,Arrived,773,15/06/17 13:38,15/06/17 17:04
1709,PG0222,04/01/17 13:35,04/01/17 17:00,DME,OVB,Arrived,773,04/01/17 16:57,04/01/17 20:21
1711,PG0222,11/06/17 13:35,11/06/17 17:00,DME,OVB,Arrived,773,11/06/17 13:39,11/06/17 17:04
1714,PG0222,15/03/17 13:35,15/03/17 17:00,DME,OVB,Arrived,773,15/03/17 13:36,15/03/17 17:02
1718,PG0222,15/12/16 13:35,15/12/16 17:00,DME,OVB,Arrived,773,15/12/16 13:38,15/12/16 17:04
1720,PG0222,29/05/17 13:35,29/05/17 17:00,DME,OVB,Arrived,773,29/05/17 13:39,29/05/17 17:04
1721,PG0222,05/04/17 13:35,05/04/17 17:00,DME,OVB,Arrived,773,05/04/17 13:39,05/04/17 17:03
1722,PG0222,01/04/17 13:35,01/04/17 17:00,DME,OVB,Arrived,773,01/04/17 13:37,01/04/17 17:03
1724,PG0222,28/02/17 13:35,28/02/17 17:00,DME,OVB,Arrived,773,28/02/17 13:38,28/02/17 17:05
1726,PG0222,13/09/16 13:35,13/09/16 17:00,DME,OVB,Arrived,773,13/09/16 13:35,13/09/16 17:00
1729,PG0222,10/08/17 13:35,10/08/17 17:00,DME,OVB,Arrived,773,10/08/17 16:39,10/08/17 20:04
1732,PG0222,23/05/17 13:35,23/05/17 17:00,DME,OVB,Arrived,773,23/05/17 13:36,23/05/17 16:56
1733,PG0222,08/06/17 13:35,08/06/17 17:00,DME,OVB,Arrived,773,08/06/17 13:37,08/06/17 17:02
1734,PG0222,09/03/17 13:35,09/03/17 17:00,DME,OVB,Arrived,773,09/03/17 13:36,09/03/17 17:03
1736,PG0222,04/09/17 13:35,04/09/17 17:00,DME,OVB,Scheduled,773,,
1739,PG0222,31/10/16 13:35,31/10/16 17:00,DME,OVB,Arrived,773,31/10/16 13:36,31/10/16 17:01
1747,PG0222,06/02/17 13:35,06/02/17 17:00,DME,OVB,Arrived,773,06/02/17 13:38,06/02/17 17:02
1754,PG0222,17/06/17 13:35,17/06/17 17:00,DME,OVB,Arrived,773,17/06/17 13:37,17/06/17 17:01
1762,PG0222,13/01/17 13:35,13/01/17 17:00,DME,OVB,Arrived,773,13/01/17 13:35,13/01/17 17:03
1763,PG0222,19/04/17 13:35,19/04/17 17:00,DME,OVB,Arrived,773,19/04/17 13:36,19/04/17 16:59
1766,PG0222,11/05/17 13:35,11/05/17 17:00,DME,OVB,Arrived,773,11/05/17 13:35,11/05/17 17:03
1773,PG0222,30/12/16 13:35,30/12/16 17:00,DME,OVB,Arrived,773,30/12/16 13:38,30/12/16 17:00
1779,PG0222,27/01/17 13:35,27/01/17 17:00,DME,OVB,Arrived,773,27/01/17 13:37,27/01/17 17:03
1782,PG0222,06/08/17 13:35,06/08/17 17:00,DME,OVB,Arrived,773,06/08/17 13:38,06/08/17 17:05
1785,PG0222,18/11/16 13:35,18/11/16 17:00,DME,OVB,Arrived,773,18/11/16 13:37,18/11/16 17:01
1791,PG0222,08/10/16 13:35,08/10/16 17:00,DME,OVB,Arrived,773,08/10/16 13:37,08/10/16 17:02
1794,PG0222,01/09/16 13:35,01/09/16 17:00,DME,OVB,Arrived,773,01/09/16 13:40,01/09/16 17:03
1797,PG0222,02/10/16 13:35,02/10/16 17:00,DME,OVB,Arrived,773,02/10/16 13:39,02/10/16 17:03
1798,PG0222,21/06/17 13:35,21/06/17 17:00,DME,OVB,Arrived,773,21/06/17 17:01,21/06/17 20:26
1800,PG0222,18/06/17 13:35,18/06/17 17:00,DME,OVB,Arrived,773,18/06/17 13:38,18/06/17 17:04
1801,PG0222,16/02/17 13:35,16/02/17 17:00,DME,OVB,Arrived,773,16/02/17 13:39,16/02/17 16:59
1805,PG0222,19/05/17 13:35,19/05/17 17:00,DME,OVB,Arrived,773,19/05/17 13:38,19/05/17 17:03
1806,PG0222,18/01/17 13:35,18/01/17 17:00,DME,OVB,Arrived,773,18/01/17 13:36,18/01/17 16:58
1807,PG0222,18/12/16 13:35,18/12/16 17:00,DME,OVB,Arrived,773,18/12/16 13:37,18/12/16 16:58
1808,PG0222,17/03/17 13:35,17/03/17 17:00,DME,OVB,Arrived,773,17/03/17 13:38,17/03/17 17:05
1810,PG0222,03/01/17 13:35,03/01/17 17:00,DME,OVB,Arrived,773,03/01/17 13:40,03/01/17 17:04
1811,PG0222,19/02/17 13:35,19/02/17 17:00,DME,OVB,Arrived,773,19/02/17 13:36,19/02/17 17:02
1812,PG0222,24/06/17 13:35,24/06/17 17:00,DME,OVB,Arrived,773,24/06/17 16:36,24/06/17 20:00
1813,PG0222,08/07/17 13:35,08/07/17 17:00,DME,OVB,Arrived,773,08/07/17 13:38,08/07/17 17:01
1815,PG0222,22/03/17 13:35,22/03/17 17:00,DME,OVB,Arrived,773,22/03/17 13:40,22/03/17 17:00
1824,PG0222,03/05/17 13:35,03/05/17 17:00,DME,OVB,Arrived,773,03/05/17 13:39,03/05/17 17:07
1825,PG0222,23/04/17 13:35,23/04/17 17:00,DME,OVB,Arrived,773,23/04/17 16:53,23/04/17 20:18
1835,PG0222,28/08/17 13:35,28/08/17 17:00,DME,OVB,Scheduled,773,,
1837,PG0222,26/05/17 13:35,26/05/17 17:00,DME,OVB,Arrived,773,26/05/17 13:39,26/05/17 17:03
1838,PG0222,25/10/16 13:35,25/10/16 17:00,DME,OVB,Arrived,773,25/10/16 13:40,25/10/16 17:07
1843,PG0222,01/07/17 13:35,01/07/17 17:00,DME,OVB,Arrived,773,01/07/17 13:39,01/07/17 17:02
1844,PG0222,16/08/17 13:35,16/08/17 17:00,DME,OVB,On Time,773,,
1850,PG0222,24/01/17 13:35,24/01/17 17:00,DME,OVB,Arrived,773,24/01/17 13:40,24/01/17 17:03
1855,PG0222,01/10/16 13:35,01/10/16 17:00,DME,OVB,Arrived,773,01/10/16 13:36,01/10/16 17:02
1857,PG0222,25/02/17 13:35,25/02/17 17:00,DME,OVB,Arrived,773,25/02/17 13:39,25/02/17 17:06
1859,PG0222,07/07/17 13:35,07/07/17 17:00,DME,OVB,Arrived,773,07/07/17 13:39,07/07/17 17:02
1861,PG0222,26/03/17 13:35,26/03/17 17:00,DME,OVB,Arrived,773,26/03/17 13:37,26/03/17 17:04
1862,PG0222,07/03/17 13:35,07/03/17 17:00,DME,OVB,Arrived,773,07/03/17 13:38,07/03/17 17:01
1865,PG0222,29/08/16 13:35,29/08/16 17:00,DME,OVB,Arrived,773,29/08/16 13:35,29/08/16 17:01
1867,PG0222,25/03/17 13:35,25/03/17 17:00,DME,OVB,Arrived,773,25/03/17 13:38,25/03/17 17:12
1868,PG0222,29/08/17 13:35,29/08/17 17:00,DME,OVB,Scheduled,773,,
1869,PG0222,11/09/17 13:35,11/09/17 17:00,DME,OVB,Scheduled,773,,
1870,PG0222,30/08/17 13:35,30/08/17 17:00,DME,OVB,Scheduled,773,,
1872,PG0222,12/03/17 13:35,12/03/17 17:00,DME,OVB,Arrived,773,12/03/17 13:38,12/03/17 17:06
1875,PG0222,16/12/16 13:35,16/12/16 17:00,DME,OVB,Arrived,773,16/12/16 13:36,16/12/16 17:03
1879,PG0222,24/05/17 13:35,24/05/17 17:00,DME,OVB,Arrived,773,24/05/17 13:39,24/05/17 17:03
1882,PG0222,27/08/16 13:35,27/08/16 17:00,DME,OVB,Arrived,773,27/08/16 13:38,27/08/16 17:00
1885,PG0222,29/10/16 13:35,29/10/16 17:00,DME,OVB,Arrived,773,29/10/16 13:39,29/10/16 17:01
1886,PG0222,02/02/17 13:35,02/02/17 17:00,DME,OVB,Arrived,773,02/02/17 13:37,02/02/17 17:03
1887,PG0222,04/04/17 13:35,04/04/17 17:00,DME,OVB,Arrived,773,04/04/17 13:41,04/04/17 17:03
1888,PG0222,15/08/17 13:35,15/08/17 17:00,DME,OVB,Arrived,773,15/08/17 13:38,15/08/17 17:04
1895,PG0222,07/06/17 13:35,07/06/17 17:00,DME,OVB,Arrived,773,07/06/17 13:40,07/06/17 17:05
1896,PG0222,28/01/17 13:35,28/01/17 17:00,DME,OVB,Arrived,773,28/01/17 13:38,28/01/17 17:04
1899,PG0222,13/08/17 13:35,13/08/17 17:00,DME,OVB,Arrived,773,13/08/17 13:36,13/08/17 17:02
1901,PG0222,09/02/17 13:35,09/02/17 17:00,DME,OVB,Arrived,773,09/02/17 13:37,09/02/17 17:07
1902,PG0222,31/08/17 13:35,31/08/17 17:00,DME,OVB,Scheduled,773,,
1905,PG0222,30/05/17 13:35,30/05/17 17:00,DME,OVB,Arrived,773,30/05/17 13:38,30/05/17 17:04
1906,PG0222,26/11/16 13:35,26/11/16 17:00,DME,OVB,Arrived,773,26/11/16 13:36,26/11/16 17:02
1911,PG0222,28/06/17 13:35,28/06/17 17:00,DME,OVB,Arrived,773,28/06/17 13:37,28/06/17 17:01
1915,PG0222,09/11/16 13:35,09/11/16 17:00,DME,OVB,Arrived,773,09/11/16 13:35,09/11/16 16:58
1917,PG0222,11/09/16 13:35,11/09/16 17:00,DME,OVB,Arrived,773,11/09/16 17:09,11/09/16 20:33
1918,PG0222,19/08/17 13:35,19/08/17 17:00,DME,OVB,Scheduled,773,,
1920,PG0222,27/07/17 13:35,27/07/17 17:00,DME,OVB,Arrived,773,27/07/17 13:37,27/07/17 17:04
1921,PG0222,19/11/16 13:35,19/11/16 17:00,DME,OVB,Arrived,773,19/11/16 13:37,19/11/16 17:01
1925,PG0222,04/05/17 13:35,04/05/17 17:00,DME,OVB,Arrived,773,04/05/17 13:37,04/05/17 17:01
1926,PG0222,06/03/17 13:35,06/03/17 17:00,DME,OVB,Arrived,773,06/03/17 13:37,06/03/17 17:00
1929,PG0222,27/08/17 13:35,27/08/17 17:00,DME,OVB,Scheduled,773,,
1936,PG0222,30/03/17 13:35,30/03/17 17:00,DME,OVB,Arrived,773,30/03/17 13:40,30/03/17 17:06
1937,PG0222,09/10/16 13:35,09/10/16 17:00,DME,OVB,Arrived,773,09/10/16 13:38,09/10/16 17:00
1940,PG0222,09/09/16 13:35,09/09/16 17:00,DME,OVB,Arrived,773,09/09/16 13:39,09/09/16 17:02
1941,PG0222,19/01/17 13:35,19/01/17 17:00,DME,OVB,Arrived,773,19/01/17 13:41,19/01/17 17:08
1946,PG0222,12/05/17 13:35,12/05/17 17:00,DME,OVB,Arrived,773,12/05/17 13:36,12/05/17 17:01
1949,PG0222,17/04/17 13:35,17/04/17 17:00,DME,OVB,Arrived,773,17/04/17 13:41,17/04/17 17:07
1950,PG0222,24/07/17 13:35,24/07/17 17:00,DME,OVB,Arrived,773,24/07/17 13:35,24/07/17 17:01
1951,PG0222,14/03/17 13:35,14/03/17 17:00,DME,OVB,Arrived,773,14/03/17 13:38,14/03/17 17:04
1954,PG0222,08/11/16 13:35,08/11/16 17:00,DME,OVB,Arrived,773,08/11/16 13:40,08/11/16 17:04
1956,PG0222,21/01/17 13:35,21/01/17 17:00,DME,OVB,Arrived,773,21/01/17 13:37,21/01/17 16:59
1958,PG0222,22/02/17 13:35,22/02/17 17:00,DME,OVB,Arrived,773,22/02/17 13:38,22/02/17 17:00
1962,PG0222,19/12/16 13:35,19/12/16 17:00,DME,OVB,Arrived,773,19/12/16 13:36,19/12/16 17:02
1963,PG0222,18/10/16 13:35,18/10/16 17:00,DME,OVB,Arrived,773,18/10/16 13:35,18/10/16 16:59
1966,PG0222,25/09/16 13:35,25/09/16 17:00,DME,OVB,Arrived,773,25/09/16 16:29,25/09/16 19:55
1967,PG0222,07/12/16 13:35,07/12/16 17:00,DME,OVB,Arrived,773,07/12/16 17:09,07/12/16 20:38
1971,PG0222,06/01/17 13:35,06/01/17 17:00,DME,OVB,Arrived,773,06/01/17 13:37,06/01/17 17:05
1972,PG0222,21/08/16 13:35,21/08/16 17:00,DME,OVB,Arrived,773,21/08/16 13:37,21/08/16 16:59
1974,PG0222,06/11/16 13:35,06/11/16 17:00,DME,OVB,Arrived,773,06/11/16 13:36,06/11/16 17:04
1978,PG0222,22/12/16 13:35,22/12/16 17:00,DME,OVB,Arrived,773,22/12/16 13:38,22/12/16 17:05
1980,PG0222,09/05/17 13:35,09/05/17 17:00,DME,OVB,Arrived,773,09/05/17 13:36,09/05/17 16:57
1982,PG0202,14/11/16 13:10,14/11/16 14:05,DME,KZN,Arrived,321,14/11/16 13:12,14/11/16 14:08
1983,PG0202,22/01/17 13:10,22/01/17 14:05,DME,KZN,Arrived,321,22/01/17 13:11,22/01/17 14:06
1993,PG0202,21/01/17 13:10,21/01/17 14:05,DME,KZN,Arrived,321,21/01/17 13:13,21/01/17 14:07
1995,PG0202,19/01/17 13:10,19/01/17 14:05,DME,KZN,Arrived,321,19/01/17 13:15,19/01/17 14:10
1999,PG0202,30/09/16 13:10,30/09/16 14:05,DME,KZN,Arrived,321,30/09/16 13:14,30/09/16 14:09
2002,PG0202,29/06/17 13:10,29/06/17 14:05,DME,KZN,Arrived,321,29/06/17 13:16,29/06/17 14:11
2003,PG0202,02/09/16 13:10,02/09/16 14:05,DME,KZN,Arrived,321,02/09/16 13:14,02/09/16 14:09
2009,PG0202,25/10/16 13:10,25/10/16 14:05,DME,KZN,Arrived,321,25/10/16 13:13,25/10/16 14:09
2020,PG0202,13/03/17 13:10,13/03/17 14:05,DME,KZN,Arrived,321,13/03/17 13:12,13/03/17 14:06
2030,PG0202,01/09/17 13:10,01/09/17 14:05,DME,KZN,Scheduled,321,,
2033,PG0202,12/12/16 13:10,12/12/16 14:05,DME,KZN,Arrived,321,12/12/16 13:14,12/12/16 14:09
2037,PG0202,26/04/17 13:10,26/04/17 14:05,DME,KZN,Arrived,321,26/04/17 13:16,26/04/17 14:10
2046,PG0202,31/08/17 13:10,31/08/17 14:05,DME,KZN,Scheduled,321,,
2047,PG0202,04/05/17 13:10,04/05/17 14:05,DME,KZN,Arrived,321,04/05/17 13:11,04/05/17 14:06
2048,PG0202,14/03/17 13:10,14/03/17 14:05,DME,KZN,Arrived,321,14/03/17 13:14,14/03/17 14:10
2050,PG0202,28/04/17 13:10,28/04/17 14:05,DME,KZN,Arrived,321,28/04/17 13:13,28/04/17 14:08
2055,PG0202,05/09/17 13:10,05/09/17 14:05,DME,KZN,Scheduled,321,,
2057,PG0202,31/07/17 13:10,31/07/17 14:05,DME,KZN,Arrived,321,31/07/17 16:55,31/07/17 17:50
2060,PG0202,05/05/17 13:10,05/05/17 14:05,DME,KZN,Arrived,321,05/05/17 13:16,05/05/17 14:12
2071,PG0202,30/08/17 13:10,30/08/17 14:05,DME,KZN,Scheduled,321,,
2073,PG0202,17/11/16 13:10,17/11/16 14:05,DME,KZN,Arrived,321,17/11/16 13:13,17/11/16 14:07
2075,PG0202,27/02/17 13:10,27/02/17 14:05,DME,KZN,Arrived,321,27/02/17 13:12,27/02/17 14:08
2088,PG0202,08/09/16 13:10,08/09/16 14:05,DME,KZN,Arrived,321,08/09/16 13:14,08/09/16 14:09
2089,PG0202,11/11/16 13:10,11/11/16 14:05,DME,KZN,Arrived,321,11/11/16 13:15,11/11/16 14:09
2090,PG0202,07/05/17 13:10,07/05/17 14:05,DME,KZN,Arrived,321,07/05/17 13:14,07/05/17 14:09
2097,PG0202,09/09/16 13:10,09/09/16 14:05,DME,KZN,Arrived,321,09/09/16 13:16,09/09/16 14:11
2098,PG0202,24/02/17 13:10,24/02/17 14:05,DME,KZN,Arrived,321,24/02/17 16:38,24/02/17 17:33
2099,PG0202,19/12/16 13:10,19/12/16 14:05,DME,KZN,Arrived,321,19/12/16 13:14,19/12/16 14:09
2103,PG0202,19/10/16 13:10,19/10/16 14:05,DME,KZN,Arrived,321,19/10/16 13:12,19/10/16 14:07
2121,PG0202,04/09/17 13:10,04/09/17 14:05,DME,KZN,Scheduled,321,,
2125,PG0202,28/08/16 13:10,28/08/16 14:05,DME,KZN,Arrived,321,28/08/16 13:14,28/08/16 14:10
2135,PG0202,17/10/16 13:10,17/10/16 14:05,DME,KZN,Arrived,321,17/10/16 13:16,17/10/16 14:10
2137,PG0202,20/02/17 13:10,20/02/17 14:05,DME,KZN,Arrived,321,20/02/17 16:53,20/02/17 17:48
2139,PG0202,27/08/17 13:10,27/08/17 14:05,DME,KZN,Scheduled,321,,
2149,PG0202,04/08/17 13:10,04/08/17 14:05,DME,KZN,Arrived,321,04/08/17 13:13,04/08/17 14:07
2152,PG0202,12/05/17 13:10,12/05/17 14:05,DME,KZN,Arrived,321,12/05/17 13:12,12/05/17 14:07
2153,PG0202,13/09/16 13:10,13/09/16 14:05,DME,KZN,Arrived,321,13/09/16 13:12,13/09/16 14:07
2158,PG0202,26/08/17 13:10,26/08/17 14:05,DME,KZN,Scheduled,321,,
2164,PG0202,17/06/17 13:10,17/06/17 14:05,DME,KZN,Arrived,321,17/06/17 13:13,17/06/17 14:08
2167,PG0202,23/04/17 13:10,23/04/17 14:05,DME,KZN,Arrived,321,23/04/17 13:15,23/04/17 14:10
2175,PG0202,27/12/16 13:10,27/12/16 14:05,DME,KZN,Arrived,321,27/12/16 13:14,27/12/16 14:08
2182,PG0202,15/09/16 13:10,15/09/16 14:05,DME,KZN,Arrived,321,15/09/16 13:10,15/09/16 14:05
2183,PG0202,28/12/16 13:10,28/12/16 14:05,DME,KZN,Arrived,321,28/12/16 13:17,28/12/16 14:11
2193,PG0202,24/08/17 13:10,24/08/17 14:05,DME,KZN,Scheduled,321,,
2194,PG0202,06/08/17 13:10,06/08/17 14:05,DME,KZN,Arrived,321,06/08/17 16:01,06/08/17 16:56
2195,PG0202,12/02/17 13:10,12/02/17 14:05,DME,KZN,Arrived,321,12/02/17 13:11,12/02/17 14:06
2198,PG0202,10/07/17 13:10,10/07/17 14:05,DME,KZN,Arrived,321,10/07/17 13:14,10/07/17 14:08
2199,PG0202,30/12/16 13:10,30/12/16 14:05,DME,KZN,Arrived,321,30/12/16 13:14,30/12/16 14:09
2200,PG0202,22/11/16 13:10,22/11/16 14:05,DME,KZN,Arrived,321,22/11/16 13:13,22/11/16 14:08
2213,PG0202,17/05/17 13:10,17/05/17 14:05,DME,KZN,Arrived,321,17/05/17 13:13,17/05/17 14:08
2219,PG0202,13/06/17 13:10,13/06/17 14:05,DME,KZN,Arrived,321,13/06/17 16:38,13/06/17 17:32
2221,PG0202,15/11/16 13:10,15/11/16 14:05,DME,KZN,Arrived,321,15/11/16 13:13,15/11/16 14:08
2224,PG0202,31/03/17 13:10,31/03/17 14:05,DME,KZN,Arrived,321,31/03/17 13:11,31/03/17 14:06
2226,PG0202,04/11/16 13:10,04/11/16 14:05,DME,KZN,Arrived,321,04/11/16 13:12,04/11/16 14:07
2228,PG0202,02/01/17 13:10,02/01/17 14:05,DME,KZN,Arrived,321,02/01/17 13:12,02/01/17 14:08
2229,PG0202,18/05/17 13:10,18/05/17 14:05,DME,KZN,Arrived,321,18/05/17 13:12,18/05/17 14:07
2233,PG0202,19/09/16 13:10,19/09/16 14:05,DME,KZN,Arrived,321,19/09/16 13:11,19/09/16 14:05
2241,PG0202,27/07/17 13:10,27/07/17 14:05,DME,KZN,Arrived,321,27/07/17 13:13,27/07/17 14:08
2253,PG0202,13/11/16 13:10,13/11/16 14:05,DME,KZN,Arrived,321,13/11/16 13:11,13/11/16 14:07
2256,PG0202,30/03/17 13:10,30/03/17 14:05,DME,KZN,Arrived,321,30/03/17 13:12,30/03/17 14:07
2260,PG0202,21/05/17 13:10,21/05/17 14:05,DME,KZN,Arrived,321,21/05/17 13:14,21/05/17 14:10
2269,PG0202,29/11/16 13:10,29/11/16 14:05,DME,KZN,Arrived,321,29/11/16 13:12,29/11/16 14:07
2281,PG0202,22/09/16 13:10,22/09/16 14:05,DME,KZN,Arrived,321,22/09/16 13:12,22/09/16 14:07
2288,PG0202,02/02/17 13:10,02/02/17 14:05,DME,KZN,Arrived,321,02/02/17 13:15,02/02/17 14:10
2289,PG0202,08/01/17 13:10,08/01/17 14:05,DME,KZN,Arrived,321,08/01/17 13:14,08/01/17 14:09
2293,PG0202,29/03/17 13:10,29/03/17 14:05,DME,KZN,Arrived,321,29/03/17 16:23,29/03/17 17:17
2296,PG0202,08/06/17 13:10,08/06/17 14:05,DME,KZN,Arrived,321,08/06/17 13:13,08/06/17 14:08
2300,PG0202,09/01/17 13:10,09/01/17 14:05,DME,KZN,Arrived,321,09/01/17 16:23,09/01/17 17:18
2308,PG0202,06/10/16 13:10,06/10/16 14:05,DME,KZN,Arrived,321,06/10/16 13:15,06/10/16 14:10
2314,PG0202,28/11/16 13:10,28/11/16 14:05,DME,KZN,Arrived,321,28/11/16 13:12,28/11/16 14:07
2316,PG0202,11/01/17 13:10,11/01/17 14:05,DME,KZN,Arrived,321,11/01/17 13:13,11/01/17 14:09
2317,PG0202,16/04/17 13:10,16/04/17 14:05,DME,KZN,Arrived,321,16/04/17 13:10,16/04/17 14:05
2327,PG0202,28/03/17 13:10,28/03/17 14:05,DME,KZN,Arrived,321,28/03/17 16:56,28/03/17 17:52
2329,PG0202,28/01/17 13:10,28/01/17 14:05,DME,KZN,Arrived,321,28/01/17 13:12,28/01/17 14:08
2332,PG0202,27/01/17 13:10,27/01/17 14:05,DME,KZN,Arrived,321,27/01/17 13:11,27/01/17 14:05
2338,PG0202,04/10/16 13:10,04/10/16 14:05,DME,KZN,Arrived,321,04/10/16 13:14,04/10/16 14:09
2339,PG0202,12/08/17 13:10,12/08/17 14:05,DME,KZN,Arrived,321,12/08/17 13:13,12/08/17 14:07
2340,PG0202,27/05/17 13:10,27/05/17 14:05,DME,KZN,Arrived,321,27/05/17 13:16,27/05/17 14:10
2341,PG0202,01/11/16 13:10,01/11/16 14:05,DME,KZN,Arrived,321,01/11/16 13:18,01/11/16 14:14
2346,PG0202,09/09/17 13:10,09/09/17 14:05,DME,KZN,Scheduled,321,,
2351,PG0202,27/09/16 13:10,27/09/16 14:05,DME,KZN,Arrived,321,27/09/16 13:14,27/09/16 14:09
2352,PG0202,27/03/17 13:10,27/03/17 14:05,DME,KZN,Arrived,321,27/03/17 13:14,27/03/17 14:10
2353,PG0202,25/01/17 13:10,25/01/17 14:05,DME,KZN,Arrived,321,25/01/17 13:12,25/01/17 14:08
2359,PG0202,16/01/17 13:10,16/01/17 14:05,DME,KZN,Arrived,321,16/01/17 16:18,16/01/17 17:13
2363,PG0202,16/08/17 13:10,16/08/17 14:05,DME,KZN,On Time,321,,
2365,PG0202,27/11/16 13:10,27/11/16 14:05,DME,KZN,Arrived,321,27/11/16 13:15,27/11/16 14:10
2367,PG0202,23/08/16 13:10,23/08/16 14:05,DME,KZN,Arrived,321,23/08/16 13:12,23/08/16 14:07
2372,PG0202,02/06/17 13:10,02/06/17 14:05,DME,KZN,Arrived,321,02/06/17 13:12,02/06/17 14:07
2379,PG0273,05/08/17 12:20,05/08/17 14:20,DME,CEK,Arrived,SU9,05/08/17 12:24,05/08/17 14:25
2385,PG0273,31/05/17 12:20,31/05/17 14:20,DME,CEK,Arrived,SU9,31/05/17 16:23,31/05/17 18:23
2404,PG0273,01/06/17 12:20,01/06/17 14:20,DME,CEK,Arrived,SU9,01/06/17 12:27,01/06/17 14:28
2407,PG0273,19/09/16 12:20,19/09/16 14:20,DME,CEK,Arrived,SU9,19/09/16 12:22,19/09/16 14:23
2408,PG0273,25/07/17 12:20,25/07/17 14:20,DME,CEK,Arrived,SU9,25/07/17 12:22,25/07/17 14:22
2428,PG0273,03/01/17 12:20,03/01/17 14:20,DME,CEK,Arrived,SU9,03/01/17 15:07,03/01/17 17:08
2433,PG0273,15/07/17 12:20,15/07/17 14:20,DME,CEK,Arrived,SU9,15/07/17 12:26,15/07/17 14:23
2434,PG0273,17/05/17 12:20,17/05/17 14:20,DME,CEK,Arrived,SU9,17/05/17 12:24,17/05/17 14:23
2435,PG0273,24/08/16 12:20,24/08/16 14:20,DME,CEK,Arrived,SU9,24/08/16 12:23,24/08/16 14:25
2443,PG0273,24/06/17 12:20,24/06/17 14:20,DME,CEK,Arrived,SU9,24/06/17 12:25,24/06/17 14:28
2449,PG0273,18/04/17 12:20,18/04/17 14:20,DME,CEK,Arrived,SU9,18/04/17 12:24,18/04/17 14:23
2454,PG0273,27/12/16 12:20,27/12/16 14:20,DME,CEK,Arrived,SU9,27/12/16 12:25,27/12/16 14:24
2458,PG0273,15/12/16 12:20,15/12/16 14:20,DME,CEK,Arrived,SU9,15/12/16 12:21,15/12/16 14:22
2462,PG0273,28/07/17 12:20,28/07/17 14:20,DME,CEK,Arrived,SU9,28/07/17 12:20,28/07/17 14:21
2470,PG0273,14/09/16 12:20,14/09/16 14:20,DME,CEK,Arrived,SU9,14/09/16 12:21,14/09/16 14:21
2474,PG0273,06/09/16 12:20,06/09/16 14:20,DME,CEK,Arrived,SU9,06/09/16 12:25,06/09/16 14:23
2477,PG0273,16/10/16 12:20,16/10/16 14:20,DME,CEK,Arrived,SU9,16/10/16 12:23,16/10/16 14:22
2479,PG0273,21/04/17 12:20,21/04/17 14:20,DME,CEK,Arrived,SU9,21/04/17 12:25,21/04/17 14:24
2489,PG0273,22/10/16 12:20,22/10/16 14:20,DME,CEK,Arrived,SU9,22/10/16 12:21,22/10/16 14:22
2491,PG0273,06/01/17 12:20,06/01/17 14:20,DME,CEK,Arrived,SU9,06/01/17 12:22,06/01/17 14:22
2514,PG0273,28/01/17 12:20,28/01/17 14:20,DME,CEK,Arrived,SU9,28/01/17 12:23,28/01/17 14:22
2519,PG0273,31/08/17 12:20,31/08/17 14:20,DME,CEK,Scheduled,SU9,,
2526,PG0273,12/09/16 12:20,12/09/16 14:20,DME,CEK,Arrived,SU9,12/09/16 12:23,12/09/16 14:24
2539,PG0273,05/06/17 12:20,05/06/17 14:20,DME,CEK,Arrived,SU9,05/06/17 12:22,05/06/17 14:20
2551,PG0273,27/01/17 12:20,27/01/17 14:20,DME,CEK,Arrived,SU9,27/01/17 12:25,27/01/17 14:25
2554,PG0273,12/12/16 12:20,12/12/16 14:20,DME,CEK,Arrived,SU9,12/12/16 12:23,12/12/16 14:23
2556,PG0273,11/06/17 12:20,11/06/17 14:20,DME,CEK,Arrived,SU9,11/06/17 15:28,11/06/17 17:27
2557,PG0273,25/08/17 12:20,25/08/17 14:20,DME,CEK,Scheduled,SU9,,
2559,PG0273,19/02/17 12:20,19/02/17 14:20,DME,CEK,Arrived,SU9,19/02/17 12:22,19/02/17 14:23
2569,PG0273,09/06/17 12:20,09/06/17 14:20,DME,CEK,Arrived,SU9,09/06/17 12:28,09/06/17 14:29
2574,PG0273,27/08/16 12:20,27/08/16 14:20,DME,CEK,Arrived,SU9,27/08/16 12:24,27/08/16 14:25
2595,PG0273,30/06/17 12:20,30/06/17 14:20,DME,CEK,Arrived,SU9,30/06/17 12:24,30/06/17 14:23
2606,PG0273,13/03/17 12:20,13/03/17 14:20,DME,CEK,Arrived,SU9,13/03/17 12:23,13/03/17 14:22
2607,PG0273,11/11/16 12:20,11/11/16 14:20,DME,CEK,Arrived,SU9,11/11/16 12:22,11/11/16 14:24
2610,PG0273,23/02/17 12:20,23/02/17 14:20,DME,CEK,Arrived,SU9,23/02/17 12:23,23/02/17 14:22
2611,PG0273,29/10/16 12:20,29/10/16 14:20,DME,CEK,Arrived,SU9,29/10/16 12:21,29/10/16 14:22
2615,PG0273,17/11/16 12:20,17/11/16 14:20,DME,CEK,Arrived,SU9,17/11/16 12:21,17/11/16 14:22
2621,PG0273,19/12/16 12:20,19/12/16 14:20,DME,CEK,Arrived,SU9,19/12/16 12:21,19/12/16 14:22
2628,PG0273,24/03/17 12:20,24/03/17 14:20,DME,CEK,Arrived,SU9,24/03/17 12:22,24/03/17 14:21
2634,PG0273,01/11/16 12:20,01/11/16 14:20,DME,CEK,Arrived,SU9,01/11/16 12:23,01/11/16 14:23
2636,PG0273,01/12/16 12:20,01/12/16 14:20,DME,CEK,Arrived,SU9,01/12/16 12:25,01/12/16 14:26
2651,PG0273,09/04/17 12:20,09/04/17 14:20,DME,CEK,Arrived,SU9,09/04/17 12:24,09/04/17 14:25
2652,PG0273,19/06/17 12:20,19/06/17 14:20,DME,CEK,Arrived,SU9,19/06/17 12:22,19/06/17 14:20
2655,PG0273,01/07/17 12:20,01/07/17 14:20,DME,CEK,Arrived,SU9,01/07/17 12:26,01/07/17 14:28
2660,PG0273,25/03/17 12:20,25/03/17 14:20,DME,CEK,Arrived,SU9,25/03/17 15:00,25/03/17 17:01
2666,PG0273,25/10/16 12:20,25/10/16 14:20,DME,CEK,Arrived,SU9,25/10/16 12:24,25/10/16 14:24
2669,PG0273,12/06/17 12:20,12/06/17 14:20,DME,CEK,Arrived,SU9,12/06/17 12:26,12/06/17 14:27
2680,PG0273,06/12/16 12:20,06/12/16 14:20,DME,CEK,Arrived,SU9,06/12/16 12:22,06/12/16 14:22
2691,PG0273,11/07/17 12:20,11/07/17 14:20,DME,CEK,Arrived,SU9,11/07/17 12:23,11/07/17 14:23
2722,PG0273,22/03/17 12:20,22/03/17 14:20,DME,CEK,Arrived,SU9,22/03/17 12:22,22/03/17 14:22
2727,PG0273,13/02/17 12:20,13/02/17 14:20,DME,CEK,Arrived,SU9,13/02/17 12:23,13/02/17 14:21
2737,PG0273,05/07/17 12:20,05/07/17 14:20,DME,CEK,Arrived,SU9,05/07/17 12:25,05/07/17 14:27
2740,PG0273,09/10/16 12:20,09/10/16 14:20,DME,CEK,Arrived,SU9,09/10/16 12:21,09/10/16 14:21
2752,PG0273,17/09/16 12:20,17/09/16 14:20,DME,CEK,Arrived,SU9,17/09/16 12:24,17/09/16 14:22
2761,PG0273,26/02/17 12:20,26/02/17 14:20,DME,CEK,Arrived,SU9,26/02/17 12:21,26/02/17 14:22
2769,PG0273,19/08/16 12:20,19/08/16 14:20,DME,CEK,Arrived,SU9,19/08/16 12:27,19/08/16 14:26
2779,PG0216,19/09/16 16:40,19/09/16 17:45,DME,KUF,Arrived,763,19/09/16 16:45,19/09/16 17:50
2791,PG0216,27/05/17 16:40,27/05/17 17:45,DME,KUF,Arrived,763,27/05/17 16:42,27/05/17 17:47
2800,PG0216,25/04/17 16:40,25/04/17 17:45,DME,KUF,Arrived,763,25/04/17 16:43,25/04/17 17:48
2802,PG0216,03/11/16 16:40,03/11/16 17:45,DME,KUF,Arrived,763,03/11/16 16:45,03/11/16 17:50
2806,PG0216,05/02/17 16:40,05/02/17 17:45,DME,KUF,Arrived,763,05/02/17 16:42,05/02/17 17:47
2817,PG0216,17/08/16 16:40,17/08/16 17:45,DME,KUF,Arrived,763,17/08/16 16:41,17/08/16 17:46
2821,PG0216,27/06/17 16:40,27/06/17 17:45,DME,KUF,Arrived,763,27/06/17 16:40,27/06/17 17:46
2831,PG0216,30/03/17 16:40,30/03/17 17:45,DME,KUF,Arrived,763,30/03/17 16:41,30/03/17 17:47
2833,PG0216,21/02/17 16:40,21/02/17 17:45,DME,KUF,Arrived,763,21/02/17 16:44,21/02/17 17:49
2835,PG0216,14/07/17 16:40,14/07/17 17:45,DME,KUF,Arrived,763,14/07/17 16:44,14/07/17 17:48
2838,PG0216,21/08/17 16:40,21/08/17 17:45,DME,KUF,Scheduled,763,,
2843,PG0216,04/08/17 16:40,04/08/17 17:45,DME,KUF,Arrived,763,04/08/17 16:41,04/08/17 17:46
2844,PG0216,20/06/17 16:40,20/06/17 17:45,DME,KUF,Arrived,763,20/06/17 16:44,20/06/17 17:50
2849,PG0216,10/01/17 16:40,10/01/17 17:45,DME,KUF,Arrived,763,10/01/17 16:40,10/01/17 17:44
2850,PG0216,03/12/16 16:40,03/12/16 17:45,DME,KUF,Arrived,763,03/12/16 16:41,03/12/16 17:45
2865,PG0216,17/07/17 16:40,17/07/17 17:45,DME,KUF,Arrived,763,17/07/17 16:40,17/07/17 17:47
2870,PG0216,07/09/16 16:40,07/09/16 17:45,DME,KUF,Arrived,763,07/09/16 16:45,07/09/16 17:49
2876,PG0216,12/02/17 16:40,12/02/17 17:45,DME,KUF,Arrived,763,12/02/17 16:42,12/02/17 17:47
2883,PG0216,03/07/17 16:40,03/07/17 17:45,DME,KUF,Arrived,763,03/07/17 16:42,03/07/17 17:46
2892,PG0216,24/06/17 16:40,24/06/17 17:45,DME,KUF,Arrived,763,24/06/17 16:41,24/06/17 17:46
2896,PG0216,16/06/17 16:40,16/06/17 17:45,DME,KUF,Arrived,763,16/06/17 16:44,16/06/17 17:51
2898,PG0216,26/01/17 16:40,26/01/17 17:45,DME,KUF,Arrived,763,26/01/17 16:43,26/01/17 17:48
2900,PG0216,25/03/17 16:40,25/03/17 17:45,DME,KUF,Arrived,763,25/03/17 16:42,25/03/17 17:47
2901,PG0216,28/11/16 16:40,28/11/16 17:45,DME,KUF,Arrived,763,28/11/16 16:42,28/11/16 17:47
2907,PG0216,14/04/17 16:40,14/04/17 17:45,DME,KUF,Arrived,763,14/04/17 16:41,14/04/17 17:46
2910,PG0216,18/01/17 16:40,18/01/17 17:45,DME,KUF,Arrived,763,18/01/17 16:43,18/01/17 17:47
2919,PG0216,05/05/17 16:40,05/05/17 17:45,DME,KUF,Arrived,763,05/05/17 16:44,05/05/17 17:49
2920,PG0216,20/08/16 16:40,20/08/16 17:45,DME,KUF,Arrived,763,20/08/16 16:46,20/08/16 17:50
2928,PG0216,11/01/17 16:40,11/01/17 17:45,DME,KUF,Arrived,763,11/01/17 16:40,11/01/17 17:45
2934,PG0216,10/11/16 16:40,10/11/16 17:45,DME,KUF,Arrived,763,10/11/16 16:41,10/11/16 17:45
2940,PG0216,05/04/17 16:40,05/04/17 17:45,DME,KUF,Arrived,763,05/04/17 16:44,05/04/17 17:49
2944,PG0216,15/12/16 16:40,15/12/16 17:45,DME,KUF,Arrived,763,15/12/16 16:43,15/12/16 17:48
2945,PG0216,31/03/17 16:40,31/03/17 17:45,DME,KUF,Arrived,763,31/03/17 16:41,31/03/17 17:45
2951,PG0216,04/02/17 16:40,04/02/17 17:45,DME,KUF,Arrived,763,04/02/17 16:42,04/02/17 17:47
2952,PG0216,05/03/17 16:40,05/03/17 17:45,DME,KUF,Arrived,763,05/03/17 16:43,05/03/17 17:49
2959,PG0216,16/05/17 16:40,16/05/17 17:45,DME,KUF,Arrived,763,16/05/17 16:43,16/05/17 17:47
2962,PG0216,29/11/16 16:40,29/11/16 17:45,DME,KUF,Arrived,763,29/11/16 16:42,29/11/16 17:46
2965,PG0216,27/08/16 16:40,27/08/16 17:45,DME,KUF,Arrived,763,27/08/16 16:47,27/08/16 17:52
2969,PG0216,19/03/17 16:40,19/03/17 17:45,DME,KUF,Arrived,763,19/03/17 16:40,19/03/17 17:44
2978,PG0216,16/10/16 16:40,16/10/16 17:45,DME,KUF,Arrived,763,16/10/16 16:42,16/10/16 17:47
2980,PG0216,01/05/17 16:40,01/05/17 17:45,DME,KUF,Arrived,763,01/05/17 16:44,01/05/17 17:50
2982,PG0216,02/10/16 16:40,02/10/16 17:45,DME,KUF,Arrived,763,02/10/16 16:43,02/10/16 17:48
2983,PG0216,09/08/17 16:40,09/08/17 17:45,DME,KUF,Arrived,763,09/08/17 16:46,09/08/17 17:51
3010,PG0216,23/12/16 16:40,23/12/16 17:45,DME,KUF,Arrived,763,23/12/16 16:46,23/12/16 17:50
3023,PG0216,22/02/17 16:40,22/02/17 17:45,DME,KUF,Arrived,763,22/02/17 16:43,22/02/17 17:48
3024,PG0216,09/05/17 16:40,09/05/17 17:45,DME,KUF,Arrived,763,09/05/17 16:43,09/05/17 17:47
3027,PG0216,18/08/16 16:40,18/08/16 17:45,DME,KUF,Arrived,763,18/08/16 16:42,18/08/16 17:48
3029,PG0216,20/01/17 16:40,20/01/17 17:45,DME,KUF,Arrived,763,20/01/17 16:41,20/01/17 17:46
3031,PG0216,16/08/16 16:40,16/08/16 17:45,DME,KUF,Arrived,763,16/08/16 16:44,16/08/16 17:49
3037,PG0216,24/02/17 16:40,24/02/17 17:45,DME,KUF,Arrived,763,24/02/17 16:44,24/02/17 17:49
3043,PG0216,04/05/17 16:40,04/05/17 17:45,DME,KUF,Arrived,763,04/05/17 16:46,04/05/17 17:52
3047,PG0216,08/11/16 16:40,08/11/16 17:45,DME,KUF,Arrived,763,08/11/16 16:44,08/11/16 17:48
3053,PG0216,24/12/16 16:40,24/12/16 17:45,DME,KUF,Arrived,763,24/12/16 16:43,24/12/16 17:48
3054,PG0216,09/09/16 16:40,09/09/16 17:45,DME,KUF,Arrived,763,09/09/16 16:42,09/09/16 17:46
3058,PG0216,04/11/16 16:40,04/11/16 17:45,DME,KUF,Arrived,763,04/11/16 16:42,04/11/16 17:48
3062,PG0216,25/07/17 16:40,25/07/17 17:45,DME,KUF,Arrived,763,25/07/17 16:43,25/07/17 17:47
3063,PG0216,26/10/16 16:40,26/10/16 17:45,DME,KUF,Arrived,763,26/10/16 16:46,26/10/16 17:51
3072,PG0216,04/04/17 16:40,04/04/17 17:45,DME,KUF,Arrived,763,04/04/17 16:41,04/04/17 17:45
3074,PG0216,31/08/16 16:40,31/08/16 17:45,DME,KUF,Arrived,763,31/08/16 16:43,31/08/16 17:47
3076,PG0216,29/05/17 16:40,29/05/17 17:45,DME,KUF,Arrived,763,29/05/17 16:42,29/05/17 17:47
3090,PG0216,27/04/17 16:40,27/04/17 17:45,DME,KUF,Arrived,763,27/04/17 16:46,27/04/17 17:51